,Beta,Annual_Volatility,Mean_Daily_Return
ADSK,1.5586651097640762,0.3647118157717394,0.00031780454532890246
BG,0.5269507594332461,0.2911590861566806,2.1476540626811672e-05
BRO,0.8337113487494638,0.2447232029519415,0.0006708361654304397
AXP,1.1213712165261223,0.28994922223046427,0.0009741064603770114
ACN,1.0942076980877313,0.27033145038913925,1.06317927182656e-05
BLK,1.1989107681568485,0.2686088284463874,0.0004044232880291538
ALLE,0.9835719631212337,0.26530248776543575,0.00021459002245430395
ADP,0.8271974862102054,0.22121257813537898,0.00042348228705882586
ALB,1.525588470275107,0.5349115034798245,-0.0007304869979041024
AVY,0.9393396437520175,0.25215986957757786,3.369772030641773e-05
AXON,1.2175407614179663,0.45073840414402955,0.0021975481232815153
APTV,1.496813853207838,0.4186534891103111,-0.0009912094899789088
BRK-B,0.7043738346423276,0.17379274785783463,0.0006052247988126209
APA,0.9718478021393393,0.4546063818947231,0.0002521875462533811
ALL,0.5451918625219985,0.2604331153145566,0.0008884258802788926
BALL,0.9086440501126674,0.33219700768439253,-0.0004259955846272579
AZO,0.557121451594074,0.24207092019087154,0.000713061114352323
AMCR,0.7637382569586595,0.23989928626569978,-1.082106995664888e-05
AJG,0.7067305069205068,0.21336882473476446,0.0008396431989115555
AIG,0.9056801883640532,0.2684601440672079,0.0005501145408278441
T,0.37921251392171584,0.2506811890487185,0.0006131176178277245
ADBE,1.4479742795178576,0.38308278265182505,-2.165843214604344e-05
ARE,0.9942729551558014,0.30751507451509735,-0.0007332964509687615
BKR,0.7135897275324504,0.3425767199668565,0.0009893583341841644
BIIB,0.8255386059604676,0.3512140075927356,-0.00039858159200311375
AAPL,1.210688665945908,0.2709351272847131,0.0005911298765857135
A,1.024800178078002,0.2962587702684675,-1.577308057134122e-06
APH,1.1474252833268461,0.25342099355464087,0.0007972855779706951
BX,1.7079901239901767,0.4055725817766277,0.0008764325371391055
AMGN,0.4271294038458589,0.2284457872199733,0.00041465914421734537
ABT,0.6723161424273714,0.2178390547111799,-0.00010574487508826246
CHRW,0.6317136728402835,0.3047426488908732,0.0002258602147446324
AES,1.0158960585641468,0.3574454742743643,-0.0004618972072666109
ALGN,1.6705279919693208,0.5204274920686686,-0.0009658993072122063
APD,0.7290672143198254,0.2718851859024661,0.00021604488102502838
AON,0.7155111352134998,0.22702844319873206,0.0004033232551868885
ABBV,0.29909760421325227,0.21995779788950917,0.0006099176794046888
MO,0.316702229311555,0.20261728116089217,0.0005276266934567484
ATO,0.4687212290038188,0.19317377030753619,0.0005518146317455516
AMAT,1.7922121553869572,0.42912677497478424,0.000423101315829505
BA,1.0755508419155626,0.3694971782388874,5.8326519194768094e-05
AMZN,1.606885068407935,0.38332137569924385,0.0006272646500942056
AOS,0.924450639732947,0.2786731453492321,-4.6598312678347105e-05
BKNG,1.1334491684182324,0.32246979997672237,0.0011536655458439145
AME,0.8291259479392125,0.2164224585119989,0.00042102042064394294
GOOG,1.3375244619523639,0.3276205862584813,0.0005795196650237593
APO,1.426422302451828,0.3621208547558631,0.0014596105116639801
BMY,0.2802512963757837,0.22964886545110774,0.00013712913310123868
ANET,1.524891122545982,0.4317547917391169,0.0018756940642556108
MMM,0.7837368830262119,0.2956540131740864,0.00016036983310655555
BLDR,1.5346368634892626,0.4585671942706465,0.0011354206089824136
AEP,0.4252647588871766,0.21002871231950382,0.0002918094293546669
BAX,0.5816846694052704,0.29855429408856204,-0.0011708749128957916
BBY,1.074536272113553,0.3563320161376972,0.00019796509043039796
BAC,0.9785987110763387,0.27571780601215023,0.0001889118859796665
ABNB,1.6662563146251141,0.4678751338978284,7.360613968760487e-05
TECH,1.1680971357617018,0.3673445355213817,-0.0004180013353991278
XYZ,2.5447844213264865,0.6538248431311217,-3.373741519189696e-05
AMP,1.18376495000011,0.2802788501387281,0.0009622252762631088
BK,0.91048705851214,0.25081253787447216,0.0006146005143257554
AVB,0.726710107203163,0.22915103235007245,5.707245594980339e-05
APP,2.2619330004579874,0.7883744779749065,0.0028019792920536807
AFL,0.6077791574334436,0.2140031504886182,0.0009478865274658495
ACGL,0.5697889686750048,0.2539970394703867,0.0011646495347312185
BXP,1.0555447140637266,0.3514950915439133,-0.00016519718002066524
ADM,0.5511992957890405,0.29404331970897235,-0.00011053174026944445
AMD,2.06474872380768,0.5241874738860685,0.00025448316890890396
BSX,0.6814709960362805,0.21757950603400683,0.0010626845493819062
BF-B,0.5896647527743029,0.25259424327195595,-0.0006585144967961282
AIZ,0.5870548937994655,0.25766439709516736,0.0006164487417445154
BDX,0.4911879255287416,0.20817234995298162,3.3526119945136455e-05
AMT,0.7058122638697398,0.2792714063593269,-0.000314775244101011
AKAM,0.7862351632977633,0.2805672887264232,-0.0001153668427087921
AWK,0.6360703519966685,0.22994979376283933,-0.0003366281197333022
BR,0.8762259928591742,0.23224749865394356,0.00047318002917105925
ADI,1.339928098683708,0.3180578918434632,0.0005141873133249452
AEE,0.42048934181746833,0.20459638430168336,0.00021286404595286914
LNT,0.4404226599513485,0.2095631055364028,0.000183152535428267
GOOGL,1.335598713614609,0.3274406848354467,0.0005719993498167177
AVGO,1.5619832600923345,0.4223884198531618,0.0021009181751946793
DXCM,1.1939262012625445,0.5037477188445376,-0.00014175669980953269
CTAS,0.9148338191110333,0.23019028414702591,0.0008675234879581827
COP,0.5907974656662408,0.32548502449656586,0.0007538566142240631
COR,0.3609127036824762,0.19505878456276335,0.0008199816265326932
CDNS,1.414492820144079,0.34827193722799565,0.0008973810757218556
CB,0.5133807914258848,0.2028469948234237,0.0006311243919953624
CAG,0.27595012667981283,0.218432527661916,-1.1673960139818142e-05
CSX,0.819080458572168,0.23733412984894184,-1.9746412216688982e-05
EBAY,1.076912009742384,0.3080546750273309,0.00017005466570689564
COST,0.8835420119800966,0.23872846892824484,0.0008096630964052455
DHI,1.1580041547308821,0.35720861737796633,0.0006691881300904881
CPRT,1.0927403829134061,0.2679182317742846,0.0007350548568496016
DD,0.9891861957210987,0.2787449064621599,0.00015836373155549144
CMG,1.092849408777952,0.32879706483572557,0.0009824817215372975
CMI,0.8163169248734603,0.2558590278349621,0.0008488428250559203
FANG,0.7137873534871807,0.3583969137396029,0.0009789069204496615
CFG,1.1519823134743876,0.3602603450300883,0.00028673624446093945
DLR,0.9776115458600655,0.308883966326889,0.00035490859625953965
CAH,0.4207761204546348,0.23446025789661226,0.0012929616193678604
DVN,0.8663409054423412,0.3969166660479853,0.00010258491216620764
CINF,0.7496531086915958,0.2716165868766295,0.00057044118596177
DOW,0.7740696988536927,0.24623171671998387,-0.00013635390021521644
CCI,0.7027645711171735,0.2697505121144295,-0.0007548953542500417
DTE,0.4117991310045914,0.1998905450595103,0.00022996019417569056
D,0.3860049166647669,0.2340735556930343,-0.00020479269399735237
CHD,0.2957295858502867,0.20294545990243054,0.00016728497313056945
DDOG,1.9508667249068952,0.5917185610558077,0.0005038249907150339
DVA,0.5221436855863986,0.3715020781879703,0.0006324527361617414
CMCSA,0.7624818887530511,0.2611989180698563,-0.00015237625790479904
GLW,0.9484755894262764,0.2729795320670875,0.0005983060155993574
CVX,0.5230768627517981,0.2576931766988493,0.0005446817237522703
CNC,0.5096291979341634,0.29680092787145174,-0.00023765918255835923
CPB,0.13366516417361704,0.22311875904640485,0.00016831599627570304
CARR,1.1561981453130274,0.3074578350338117,0.0005949931351982584
CPT,0.7196611110952207,0.24014928204449407,-0.0003026389219973883
DLTR,0.6832756617422564,0.3805503309687773,-0.0005473302288042449
DASH,2.00491822199532,0.5876445186780712,0.00087502870050694
CNP,0.5060646021142367,0.2100701741407587,0.00037749685486809835
CME,0.3836870153238269,0.2020479298435595,0.00030576481427043703
CAT,0.9143525581624428,0.2954899332971175,0.0009978136679702845
CMS,0.36809305440280293,0.2001146832318025,0.0002445230182964083
CVS,0.5248978204006971,0.2954096898215311,-0.0008161337164537157
SCHW,0.9649901357411211,0.35312408528663586,0.00010956984980906307
CBRE,1.132832432864753,0.3022201119703044,0.0004313477135350739
CTRA,0.6993980117593881,0.34655548863167196,0.0008158616495270232
C,1.0144675826167593,0.28559862519190454,0.0004668507676380923
CBOE,0.30413902338961396,0.21637397195215374,0.0007078447142492974
CSCO,0.797933587542467,0.2307908367150258,0.0001448009511734326
DPZ,0.7668971274413404,0.3080200289678312,-0.0001259743483405295
CSGP,1.1330381551713868,0.3439519924361119,0.0001050728371946922
COO,0.9436416633534894,0.2778658203876989,-2.9926781825899683e-05
DE,0.765622000170531,0.2898119006470432,0.0004754250432520657
DHR,0.9624426900456224,0.2725353254287061,-0.00010026929987568403
CTVA,0.6500897496550032,0.27900812131100844,0.000455132942060521
KO,0.3892346612764901,0.15619307399266388,0.00023339731450744107
COIN,2.9609591653634406,0.9538475500092551,0.0017681318466786122
DECK,1.2795943363998754,0.4062332080323051,0.0019152606916182375
CRL,1.2640030024079072,0.39399674869044504,-0.0005875903251676128
STZ,0.5346327378282755,0.21212321806325404,-3.0905549320942855e-05
CL,0.30781232086120724,0.17371309870563778,0.00025060981632411887
CTSH,0.9784023583836632,0.26791509145919584,6.277173079984014e-06
DAY,1.6726175126566178,0.43958534646437886,-0.00010779886055981457
COF,1.2916117407477532,0.35466309751304637,0.0005717204184092297
CDW,1.0410426493538603,0.2765076135187855,-1.675019255025167e-05
DAL,1.2619154776033938,0.368513437127811,0.0008312008034882975
ETN,1.0690130849515855,0.27521538120669947,0.0011201624317014095
CI,0.4691442875838896,0.27129631291386647,0.0004311518874662434
CLX,0.3720936533217098,0.26149369428054803,0.00016594452423629756
CHTR,0.9235477018981848,0.37895223727867194,-0.0005581267568904522
DRI,0.8262265828733651,0.2718355043491309,0.0005865081186002362
DG,0.5258482814116554,0.3786540033112072,-0.0011438236828312433
DOV,0.971616348575109,0.24389426023122404,0.00023849185163538923
ED,0.32025568756995204,0.18937408786449828,0.00027289421940404976
CF,0.5147454117704803,0.37217089550471816,0.0006091715427454807
CCL,1.9626705398051658,0.5833741401796209,0.0008818872781741577
DELL,1.3277486424215392,0.4696062830246512,0.0014548501769953922
CPAY,1.0859628108169737,0.2940685443168739,0.0006787937106698338
DUK,0.35079503159379316,0.18824671752757613,0.00028555790892803297
CRWD,1.7140235705731635,0.5272539716977549,0.001279483120121469
BEN,1.2154020193580166,0.3201924484054861,-0.0002631720708952215
HON,0.7714795487169357,0.20650372269698947,0.000286567808764506
HCA,0.8474288159700647,0.3066627309637177,0.00044931821518042473
EME,0.8932580436001447,0.28915787924690556,0.0018713435214566065
EOG,0.6137329679476332,0.33600357445694745,0.0008175605073311168
HBAN,1.0413926948359857,0.3281025648224381,0.00044502866635496717
GNRC,1.8475703510465333,0.5545900495512087,-0.0004513723869177354
EQIX,0.9711972974442077,0.2869833711251667,0.00039934652268332975
HSY,0.27179511343203316,0.21290529426809218,2.9511597551516337e-06
EXR,0.8865889621905603,0.3056957188943639,-0.00016400236061426065
FOX,0.6855335305055364,0.2523687462023239,0.0005456289696472345
F,1.371336515876843,0.40563158182414655,-0.0004510338538465256
FICO,1.2480462201359832,0.3746982315207208,0.0022668718533206175
HUBB,0.970792849523188,0.2928910949267861,0.0011844311845042854
EQT,0.9613595909544302,0.4401956839050591,0.0014460954040248274
EFX,1.2002625462744934,0.32393133506773797,9.232316315828116e-05
GD,0.5622105259893138,0.19961455892710617,0.00048407741078497447
HPE,1.1210487951079788,0.341811278531154,0.000721428432971864
ETR,0.43942947354668477,0.2319322188420968,0.0006743704436933833
GS,1.0086704790399899,0.26526416913714346,0.0007395345582486951
EW,0.9490001221901242,0.36832970169404483,-0.0004415104845706474
ECL,0.9800928790183,0.25806286393753536,0.0002051604194282475
FSLR,1.0553355411573333,0.5283668502452736,0.0014541907043624247
ESS,0.7683834919862361,0.24523568164120454,-2.9174358428820917e-05
HAS,0.8990287224108323,0.329331095900604,-0.00041067443690501665
ERIE,0.5737953697604032,0.2834453805893865,0.0012400239385257634
FIS,1.014311349465835,0.3486234078952515,-0.00010051254434876657
FOXA,0.6713194214246017,0.260089196962729,0.0005316955426734354
FRT,0.8100641436347905,0.23739593782589127,1.932504563703759e-06
EXE,0.7653198434374695,0.3557673409178134,0.0010230030167318802
GM,1.276011991167202,0.3685439398316277,0.00011895869722458774
HPQ,1.1435927427734132,0.3387823572506785,0.0001560479409314374
FCX,1.3469741577783476,0.42268636116573094,0.00029849065299005634
GRMN,0.912897558448264,0.292889785377795,0.0008406966921147213
GILD,0.44947695232995305,0.235833210269139,0.0005931588878606414
FDX,0.9454694850673924,0.34103804636064367,0.00042946743253916995
HII,0.5683530426156316,0.28511131793274014,0.00028046894940073476
EVRG,0.4487163154853741,0.2027597543379974,0.00011403382543091977
HIG,0.6922201986351674,0.22699628952063494,0.0007904608492109701
EA,0.5952210732716188,0.2183953189905893,0.00022481614083317376
EXPD,0.816241633608644,0.2513533199665216,-4.793079059813287e-05
GL,0.5940559494163666,0.41683467909600214,0.0007013361412754022
HOLX,0.5830706821895109,0.2180689394098554,7.543732756555758e-05
HAL,0.8236557241257573,0.39518212923582774,0.0005468457692450757
GIS,0.13324913189074059,0.1984331350381003,0.00013276408475731397
HSIC,0.6037438464227017,0.2499198214540694,-2.5727876980214722e-05
EL,1.2460960833438897,0.4223024061667908,-0.0016952728049552336
GE,1.0273783164865846,0.30247926775896006,0.00156175441224614
EXC,0.4591433986149013,0.21904995591737708,0.0001346964656654002
HLT,1.053444921615224,0.27108627525320755,0.000784490335572967
DOC,0.7811931184471342,0.2670215713856144,-0.0004146681793719193
FTNT,1.3697675302802272,0.44951048338613003,0.0008723853654652159
ELV,0.5074768121597416,0.2506117583476516,-0.00013324273277027696
GPN,1.1631460401697626,0.3354713037311617,-5.2110227803957e-05
EG,0.5792628183450707,0.2666393179913185,0.0006010103513589863
EPAM,1.5195260164080022,0.6023634033512658,-0.0005525185117069475
XOM,0.46512663389469994,0.27225388706006276,0.0009884473732097475
HRL,0.23660676679261688,0.2326029531040038,-0.0003760318549885425
FDS,0.7938361696029559,0.23946900937761828,0.0001616940452836433
HUM,0.408352309475504,0.3417598561485888,-0.000532889144707061
FITB,1.134560101349389,0.33904684591848055,0.00031679795073866174
ES,0.4555343921877739,0.23778083411221843,-0.00031725322153189394
HST,1.1114556245176401,0.3091158063541311,0.00035576545786801983
HD,0.9235389972537191,0.2490424645260239,0.00015953591522517913
GDDY,1.0515788154742132,0.29846167243883304,0.001304733099208816
FTV,1.0325506767511283,0.24836033735768667,0.0001654741886122508
HWM,1.0925735981722433,0.3060032214379514,0.0018174721396614977
FAST,0.871938317234549,0.24671393301637018,0.00042169149228347275
FE,0.4317886487960023,0.19768505777568549,0.0001928572983459415
EMR,0.9329919915029252,0.25382955063053886,0.0006141789368792905
IT,1.1045069843845503,0.2854618841616871,0.0007041797965769302
GEN,0.7510685613330531,0.31927353021621036,0.0003425240382506656
EIX,0.5854371445077526,0.22649628044791797,0.0004831262560207146
FFIV,1.1022566669808707,0.28938956552266526,0.00021350602004749112
EQR,0.7466958155743278,0.2315540049725609,-6.586921042197183e-05
EXPE,1.3586585911805147,0.44476885396289906,0.0004065872797295084
GPC,0.7284112136554484,0.2717456207528231,3.5002450648918e-05
FISV,0.8903202962769422,0.2383078108016412,0.0009725309820480076
LULU,1.3591291630736075,0.41002815351624916,0.000315434290953213
MLM,1.0840417742130295,0.27485938489499895,0.0003912784661281028
KDP,0.3764773238507613,0.18868979572126005,-1.1778731042240006e-05
KR,0.3126635778704344,0.25781696062551546,0.0006211921536779034
LH,0.654334484199305,0.23450283268039368,7.906446391542573e-06
IFF,0.9007869830103881,0.32724747633696166,-0.0004165372148940381
MAS,1.0652788105167161,0.295484682238722,0.00030843797208568875
LOW,0.9540113651633068,0.26788952675664807,0.0001733181264070865
L,0.6621486623469142,0.19608572446029193,0.0005926201596846281
ITW,0.8231115417164889,0.21059306398016567,0.0002351697237664942
LDOS,0.4969958920814202,0.25393664481443917,0.0008057977979086793
MCHP,1.6375566444451366,0.3968085426883379,-0.00017939439793377663
MTCH,1.521542031274974,0.4921461316496523,-0.0013916247597308541
KMB,0.29102181820929096,0.1856135584110395,0.00010220202756092661
KIM,0.9298462922595239,0.26824071899576896,0.0002583919010827716
MGM,1.4545141331410403,0.3881534524949292,-5.9567353496533193e-05
MTB,0.9036363707986905,0.3253359522068221,0.0005713052546495515
ISRG,1.301603088007438,0.3405115794385899,0.0007238859446563573
JNJ,0.2466106243944783,0.1637588925187506,-5.833452496956385e-05
MDT,0.589344455334434,0.21553742462880024,-0.00015575000155696895
KEY,1.2691586176455751,0.4312442788160186,0.00016339200348133764
MU,1.5823045875824733,0.45572279378935066,0.00026446060387008875
LMT,0.24386432230822244,0.20952973871261757,0.0006110293729586196
INCY,0.5178184564297522,0.27185530005654196,5.461490734267392e-05
LYB,0.7781216140880206,0.2605422256082477,0.00010422095185993575
LVS,1.0890957590284638,0.40701126338149896,0.000731335406628987
JBL,1.2266307835788428,0.36967214723598574,0.0012353767996482559
INVH,0.8408539324667385,0.247990529625348,-0.00020332105216929174
JBHT,0.9375359607563404,0.29213650135765346,-1.6668386566896817e-05
LRCX,1.8455850526548236,0.45122957789664436,0.0004467937765189214
MOH,0.4881452009939525,0.3194896607866416,8.878076030204181e-05
IRM,0.916514986409315,0.2871226054476635,0.0012756619392697468
IP,0.7327365038149879,0.2936238990934397,0.0005415460368515938
META,1.7240877466581535,0.4872222211203913,0.0012124672789981345
KMI,0.6030848137805772,0.2154118618733365,0.0010229290891196501
JPM,0.8669337660795462,0.2499128637431428,0.000758754734472861
IPG,0.9783844805992566,0.28621667643005194,-7.683338836784276e-05
INTC,1.3984876027352624,0.4321860627817511,-0.000816670408119067
MCK,0.28892081138062525,0.23386253768299953,0.0012373656291380954
K,0.10899394883760989,0.21808080606150276,0.0006152987822945857
MCD,0.46379840017384183,0.17351169013951123,0.00025232488116962024
KHC,0.24974072947669593,0.21095142572401654,4.887156623779747e-05
PODD,1.2202379173222369,0.45323800903495093,0.00032740148019138774
JKHY,0.6406418783191592,0.2351346933387332,0.0001888818051659687
J,0.872497092227544,0.24444987908597116,0.00033206066928811664
MSFT,1.2483289586522912,0.2757660929682987,0.0004912332455665383
INTU,1.5741648896077323,0.3632350763809937,0.000281673932131952
KKR,1.6535729653264397,0.38159875472216304,0.0012562259085735607
KLAC,1.7582209340921986,0.4247213895386998,0.0008969257913519263
MHK,1.2735160987488527,0.4109535831148049,-0.0002463642606374225
LLY,0.5756943700057405,0.2878557151791373,0.0015915330092381758
IR,1.1599726939806343,0.28697437781032514,0.000722996887357254
MRNA,1.4272854972738132,0.603607975793804,-0.0015818329460408913
MRK,0.25882190912178404,0.20026348267537872,0.0005373308046236933
LYV,1.1752639685567536,0.3496213326364106,0.0003316435416413665
IBKR,0.8700943620452721,0.3044413030035962,0.0012889869319765257
MET,0.825883527417863,0.24886154101800395,0.0005913729439982404
LII,1.138271079602366,0.31015887875770665,0.001123146716957957
IBM,0.5742062270222278,0.21317709764406623,0.0009044754290057713
IQV,1.1925519124441621,0.31216426263254526,-0.00024801599916066146
TAP,0.47086390204303036,0.24964046972274404,0.0004945934964776749
LEN,1.191034224111639,0.3467631148708758,0.0005618612941586599
ICE,0.7605885135891963,0.2154304829964615,0.0002896769674728664
MA,0.974712021049066,0.2299631916236117,0.0005941277108524675
IDXX,1.2693637030766651,0.34244354931517834,-0.00033003546353246546
MKC,0.39349983793067556,0.2412574583712072,-0.00010638365656636253
JCI,1.0407183753535458,0.28169644915184455,0.0002455023021845445
LHX,0.41766624344549963,0.24513622032876758,0.00019526267445312424
MAR,1.0727491831625386,0.2836882533633058,0.0009022243735932105
MMC,0.7296235374004764,0.19335420378126833,0.0004493341502952372
IVZ,1.419707189936516,0.3577690063201784,5.572678598043635e-05
MTD,1.147513467273489,0.3249177104599484,-0.00020948952409883355
MAA,0.7352361085885427,0.23452520795475273,-0.00025550934869483907
KEYS,1.207949019303524,0.31264391605280095,-0.00011430014836757025
MPC,0.6604326549734326,0.32191438145872436,0.0013005376081510257
LKQ,0.9446304243876137,0.2853034866302052,-0.00036262093451788356
LIN,0.8144511582746267,0.22189710354652223,0.000434381005276696
IEX,0.8197879657723178,0.22646842717691965,2.059177191335939e-05
LW,0.7158857338856931,0.36384330414898697,0.00039895322873575794
ORCL,1.0082755832718693,0.31020816275617474,0.0011003828876068537
PSA,0.689529021978252,0.25167868135317567,5.643656323255278e-05
PCG,0.6847156825992355,0.26137597108985755,0.0008087191868746517
NOC,0.2764174767203102,0.2465866624645139,0.00044487075321654067
PPL,0.51332022252789,0.1970862749218101,0.0003133076556570858
OTIS,0.8341199827832463,0.2156875416022175,0.0002583785319283762
NTRS,1.060284542849057,0.3062367932812736,0.00010233339688302655
PM,0.3882854225730687,0.2075037431306448,0.00059716231932517
PNW,0.43091022449159205,0.21466851073997037,0.0005334704299579467
QCOM,1.5918326220899233,0.39371878102768093,0.0001416598836867406
PH,1.1385315129886315,0.2823755183475623,0.0011464223950282374
NEM,0.5072146805414132,0.3595470851213714,-0.0002594948868802745
PNR,1.1218785141159096,0.2911311058118255,0.0006889963662486346
PLD,1.0198740659206957,0.2867568289374372,-0.00031479425767824964
PFE,0.45154396671672714,0.24410777756183658,-0.0007100661919632955
PAYC,1.4976118156942257,0.48951360374714864,-0.00037713759796538943
PSX,0.6032218074591973,0.3159501053866611,0.0008907069427724771
NSC,0.8344307034590586,0.26514216931621304,-6.413447651838974e-05
NVR,1.0218144007917098,0.2818594954029194,0.000624182180550853
O,0.5116172403873503,0.198214364368057,-0.0001066239065511431
NI,0.4989004803303272,0.20912873322242959,0.0006128862545955382
REGN,0.5863282822210987,0.2703965558368991,0.000312488134284001
MCO,1.1078234196123085,0.26272692827060906,0.0004520865527982775
PAYX,0.9036799691229498,0.2341961647715073,0.00027778850490759843
NKE,1.1428297305805821,0.343507392045521,-0.0007407006988554072
NWSA,1.040952701388756,0.2872414194214163,0.00045630926109586586
NEE,0.653573460323045,0.28334557992019493,-6.338597952347034e-05
PCAR,0.800333319866892,0.25168285192504974,0.0010511103721682715
NVDA,2.2685158518822464,0.5527097206854215,0.002588282256834085
MOS,0.8897905103127478,0.4226260079654653,-0.00021063335301679985
PANW,1.2516353704116239,0.43684497249338466,0.0013142334694071106
PPG,1.0182929592233971,0.2686690054533098,-0.0002535186690320244
HOOD,1.9848279564216902,0.6517594922190679,0.0017684602613867817
MS,1.0761068081219967,0.2822961874889781,0.0006032982678987103
POOL,1.2029714483841527,0.35691808756918963,-0.0003373136880615275
MSCI,1.2382107501498631,0.32336701535483686,0.0002606548693076338
NTAP,1.051603142896854,0.3106741825473989,0.0005917001001318355
NFLX,1.5109018452300582,0.49047705741112335,0.001035640097345774
RMD,0.8933786252438942,0.3437133554940695,0.00010322241034247752
MNST,0.6938192170238004,0.24897301508533246,0.00023669643083243507
RVTY,1.0419273303691887,0.3277429707270929,-0.0004994504801584912
RL,1.2192398819996746,0.3572870282197019,0.0012068944503944381
NWS,1.0299679553982315,0.29005061669213844,0.0005851182605536474
PSKY,1.2215478292816309,0.5564986240117737,-0.0007669112897111274
PLTR,2.189588018492733,0.6909324774198844,0.002795670737993282
PRU,0.9531494201110253,0.25695214482699,0.0004228299126904098
RSG,0.48162464497207835,0.17804151086286127,0.000638409503326496
OMC,0.8442771217872574,0.27170215008944193,0.000483926208470683
PWR,1.1291115624217414,0.3328544287987505,0.00160217894698164
ORLY,0.5255942097888004,0.2332013383804413,0.0008177631299903404
OXY,0.6829845696537269,0.3779517879314575,0.0009449985867146119
RTX,0.5602108337268271,0.22797755035778566,0.0005792460995562152
MSI,0.8456548121453868,0.22950208396312136,0.0008806724184855893
PEP,0.382882885964568,0.1703975525509079,9.666089541064063e-07
PKG,0.7263228736580346,0.24758589963228775,0.0009332872105659269
PTC,1.1222995883823343,0.2849196324839596,0.0006937484332308389
PGR,0.4513220639392727,0.2566920946332383,0.0012844789708582561
ROK,1.1706551367347942,0.3256587004398417,5.696386219523173e-05
NRG,0.8665871548302514,0.3342458462748384,0.001342924994412403
RJF,1.0212093600043106,0.2901659633670512,0.0007709318083991019
REG,0.8245915193390441,0.2384529254105112,0.00023836299195421212
NDAQ,0.8236068399799733,0.23687030849258206,0.00035089746173879273
RF,1.06724179642068,0.33168278732918083,0.0004370261445561824
MDLZ,0.4566733281040937,0.1849600891803368,3.319842216788762e-05
NUE,1.1621076718972354,0.38129042940222335,0.00038874211452399416
ODFL,1.239719096771926,0.3631133550245609,0.00030496323779634024
PG,0.3730927951823663,0.17588446287521273,0.00019837636659529869
PNC,0.9894994173770362,0.28702983915339425,0.00021762784298580683
OKE,0.8547900608971081,0.2709066657812633,0.0010540965260424804
NCLH,1.8934137971737768,0.5924484348437228,0.0008939493197502222
NDSN,0.9424959380802886,0.24906661488373694,-7.795233153688741e-05
PEG,0.5276136433754328,0.20951344871429142,0.0005485520984503345
MPWR,2.134131133519687,0.548314460599931,0.0008623987408052173
PYPL,1.5202935251788279,0.44520785921441075,-0.0006966164476983967
NXPI,1.5762358358888697,0.3821465744405815,0.00022505032802318337
PFG,0.9708757364095084,0.2656656530631813,0.00035381380152432957
ON,1.9665561821360016,0.5172461626625224,0.00039093664033758627
PHM,1.2318006213363135,0.35547889759018053,0.0011721674365079149
DGX,0.46529474512564867,0.21344898257118428,5.763202862715427e-05
TXT,1.0397705245302047,0.2735206317749406,0.00015478669377189024
UNP,0.6944647635968438,0.23241893975077985,8.81418970205625e-05
TFC,1.1061518803718084,0.34418546268531924,1.9334246543185677e-06
TROW,1.4264556082421769,0.3255374519279911,-0.0003403831718692314
TER,1.763307685886693,0.4382434088545,3.651174906405163e-05
VZ,0.32478033656768757,0.2228328242413802,-1.0976858434047262e-05
NOW,1.6093263262018982,0.4189446877325878,0.0010393950929251943
TTD,2.237122962451286,0.6476654012244775,0.0011564889463110566
SBUX,0.9885980720147006,0.32638558453374755,-2.699703382281535e-05
VRSK,0.7096352655703431,0.22574982992897116,0.00041542609323663477
TRMB,1.4077541300430592,0.3470090914693394,-3.3504328737116084e-05
TPL,0.8373047838329641,0.45066629924132096,0.0017336890478109484
URI,1.4326774484330849,0.3836896541499748,0.0013277417672152942
GWW,0.8146124745446721,0.2543931535731853,0.0011341494001505456
SWK,1.1483651669418142,0.36685334684200827,-0.0007098430254015717
TTWO,0.9223973575088259,0.3323561914019404,0.0002599768021573665
TJX,0.7851533284014364,0.23359645029282053,0.0007950170245451334
TRGP,0.8839229769212609,0.31101862473867375,0.0018922116074424596
UHS,0.8683388916402914,0.3165743454890041,0.0006295614413079361
SNA,0.7917371507173007,0.239113357884808,0.0008357875936857893
UDR,0.7761949291228674,0.23955255086510968,-0.00016140591686527396
TGT,1.009080404976194,0.3861180547349503,-0.00030228304310782463
SYY,0.6708804769632138,0.22493518710715563,0.00016153333412621715
VTRS,0.7675248009625356,0.3336531774613069,0.00022206865524115307
SRE,0.513626796329998,0.2075311548642719,0.0005879991548733633
VTR,0.6976919527299046,0.26346606155949004,0.0004517425194443657
TSLA,1.957041181744482,0.6130379418250761,0.0007548441559422837
TPR,1.2379866583586823,0.3974047114343896,0.0010643340721009135
TDY,0.8961474664583553,0.24471898892644936,0.00018392948303323022
TKO,0.5436842367845113,0.3297209231368833,0.0016710014117082088
SMCI,1.855255335378111,0.9019571764414044,0.004105998213394311
ROP,0.7899442348352771,0.20254649418040546,0.00022451246237541176
TEL,1.1397689386893106,0.25756291085847033,4.2504628318809306e-05
SNPS,1.4546478424965819,0.3604434600409849,0.0006504257917753991
SO,0.3758708372202515,0.19607701903041933,0.0004800186756944552
SW,0.5354280427773114,0.481663616100436,0.0005138877299735946
ROL,0.5635908588469701,0.24777296331740678,0.0006018377137440321
SJM,0.19658935175026931,0.21999396119528847,-6.487343896350134e-05
USB,0.9811232568841188,0.3213617741662199,0.00015215325989749922
ULTA,0.8888020520659052,0.3320314991759292,0.00028790270903850985
UAL,1.3919309416571406,0.4576725673260778,0.0014228661885002836
TDG,1.0890725156696452,0.2740498541316015,0.0012120135037299753
STT,1.1555318137867499,0.31609179793711883,0.00037876976686836904
SHW,0.8959773112519585,0.27940839934393524,0.00019501196489518985
RCL,1.650884344270482,0.48575548052974304,0.001868649652050288
SWKS,1.511264726544425,0.37060813783928037,-0.00040844725931688994
SPGI,0.9533097596599001,0.23590655627406162,0.0002477871815231343
SYK,0.8936756412329437,0.25030112244655844,0.000557790859071522
SYF,1.3021003586636024,0.3759817390367875,0.0008107081822849595
VRTX,0.6391455183422897,0.2727671425772775,0.0009365406656410059
TT,1.0169940723329107,0.27075097131014725,0.0010528515964047126
SLB,0.6936471442992023,0.37871484116457177,0.0006148594400941186
STE,0.8262114949210547,0.27234908892824605,-3.483376781559959e-05
VICI,0.7152121270597278,0.21826255031778888,0.000269538339439848
WRB,0.4686726859914595,0.22994929903922587,0.0008354609728641442
STX,1.2366475879476508,0.36513125883708986,5.4598912419718354e-05
VMC,1.0156471079442981,0.2627163545659468,0.00045291466546624126
TYL,1.1906542028213547,0.31654365903918613,0.00032536941208019104
SPG,0.9813045965929443,0.26785633743106096,0.0004673951256726012
TMO,0.9045666192937694,0.2547799783409736,-0.00014721123353005723
CRM,1.4355143761540476,0.3840663882453917,0.0006599196718578549
V,0.8666658008662289,0.22215042069510965,0.0006012042804987172
VST,1.0039858502500754,0.41935128822471057,0.002836553572149434
VLO,0.6106308919228925,0.3623560816513409,0.0010048931882652445
UPS,0.8776827330611078,0.27436314889093927,-0.0003922701681060186
UBER,1.4963337173855267,0.48460413153041254,0.0008820210022731568
ROST,0.9785558419566845,0.31154697760789063,0.0006295076312053973
TSCO,0.8562347930861421,0.28542964952717276,0.0003919493657695589
STLD,1.1204386146822753,0.384289624184246,0.0011735644449127921
LUV,0.9622331160680608,0.35054452478458564,-4.473750609894695e-05
SBAC,0.7893812462283276,0.29806212735637777,-0.0005954975040990171
TXN,1.160557761195974,0.2796491367365366,0.00024862213527032174
VRSN,0.9423627487209486,0.25299988971157383,-0.000134263313530124
TMUS,0.5643526967163416,0.22510234134952892,0.0009994116525325857
UNH,0.4380620269157325,0.2440551426610489,0.0001851932211229871
TRV,0.4623293155963283,0.22392830123161261,0.0007617233448850323
TSN,0.43971935416870445,0.2559420523468519,-0.00030873709916336454
WM,0.4288093586749073,0.18770576007666775,0.0004195506123821511
WST,1.063995487199062,0.37130441651362184,-0.00012569083348407987
WAT,0.9876104468449197,0.32740478105977366,0.00023255614131768425
WYNN,1.2293480621867399,0.42176608667110405,0.00035121866068192533
ZTS,0.9166108214628399,0.27501569323145336,-0.0002962230880404851
WMT,0.407970083269671,0.20626736951461444,0.0009773682699645834
XYL,1.0677012841873181,0.27268486731136554,0.00018724721362741971
WMB,0.6022213875896673,0.2290728860554471,0.001252515259885547
WELL,0.6304200962013804,0.24001728969029287,0.0007415166549861482
WDAY,1.3492755504252338,0.3919592379043671,0.00027327825248214517
WAB,0.9716854097305369,0.2529240665555041,0.001107813078242284
WTW,0.6670940380035562,0.22240938596503895,0.0005329333612141603
XEL,0.39535797359077285,0.2149643534170826,0.00020410280311465608
WY,0.926705915598592,0.25933516002591794,-0.00017219931760079432
WFC,0.9680281207518601,0.3011093273260263,0.0007182177741113249
ZBRA,1.5001893782684321,0.40005015705222824,-0.0002282732810674201
WEC,0.3777653893387727,0.20117030288016324,0.00018992280873388737
DIS,1.0323733616678676,0.3027459478881979,-0.00025581401966423247
WDC,1.4398226643197782,0.4177445062755737,0.0002109354594352654
YUM,0.6334095480321376,0.19133503270850996,0.0001256745268279013
ZBH,0.7365030447292599,0.24515686530787129,-7.570030326244742e-05
WSM,1.4220713993098264,0.48072462541263156,0.001579594366834195
WBD,1.347002882090456,0.5571467929287612,-0.0005436677612935284
